N,P,K,temperature,humidity,ph,rainfall
90,42,43,23.5,82,6.5,236
85,47,40,24,80,6.3,220
78,48,20,25,65,6.3,85
72,50,18,22,62,6.1,90
40,68,80,19,16,7.3,80
20,67,20,20,21,5.7,105
20,67,20,27.5,48,5.8,149
21,48,20,27.5,53,6.8,51
20,47,20,28.5,85,6.7,48
40,67,19,29.9,65,7.1,68
18,68,19,24.5,65,7,46
18,18,40,21.8,90,6.4,107
100,82,50,27.4,80,6,105
20,27,30,31.2,50,5.8,94
23,132,200,23.9,82,6,69
99,17,50,25.6,85,6.5,51
100,18,50,28.7,92,6.4,25
21,135,205,22.6,92,5.9,113
19,17,10,22.8,92,7,111
49,60,50,33.7,92,6.7,143
22,17,30,27.4,95,5.9,175
118,47,20,24,80,6.9,80
78,47,40,24.9,80,6.7,175
101,28,30,25.5,59,6.8,158
